{"model_type":"linear_residual_regression_v2","model_version":"linear-v2-20260327062922","trained_at":"2026-03-26T21:29:22.387282+00:00","sample_count":458,"minimum_ml_samples":30,"recommended_ml_samples":100,"target":"delta = corrected_score - rule_score","feature_names":["brightnessMean","brightnessStd","contrast","overexposedRatio","underexposedRatio","entropy","saturationRatio","sharpnessRaw","noiseEstimate","meanEdge","dominantEdge","leftRightBalance","topBottomBalance","thirdsAlignment","subjectConcentration","subjectCenterSupport","subjectXRatio","subjectYRatio","backgroundInformation","backgroundClutter","compositionScore","lightScore","colorScore","technicalScore","subjectScore","impactScore","ruleTotalScore"],"means":[112.11322341669542,54.636263893550456,0.42684581166836294,0.023108509053893802,0.1288732868910781,6.810746935788935,0.2990612885161053,20.488264685403443,1.6492399651160865,54.48468444889543,100.38002546628327,0.8666529689630648,0.7134823250796932,0.503469956871802,0.0658973282998999,0.8992965816443853,0.49673965501766915,0.5191440990306303,0.5364425536755049,0.3429976910480768,64.4235807860262,73.3646288209607,69.00873362445415,67.96724890829694,62.24017467248908,67.7292576419214,65.90393013100437],"scales":[43.90159594773653,14.347114805686552,0.11208683441942618,0.08196699561752409,0.22753769282266612,1.52085717085716,0.2307854413969352,16.020703781036293,1.1459550550874975,33.49382158810789,69.54388031712817,0.14561840854964905,0.22897685077591962,0.09858320015662883,0.0274977681182043,0.11665932966632556,0.033893710122788745,0.07175853944780566,0.2585036177672212,0.10752066446506638,4.203820607731598,14.18053489260515,12.725002472139002,27.890401094597404,9.357011800702466,5.418798741257095,6.521675804302789],"weights":[3.1698541239330984,-0.3274042466453408,-0.3274042466453408,-2.1674621026771597,2.3637414207715333,0.03988259473950942,1.2977512293285434,-1.127127510487668,-1.5663082735146074,-0.34444605167409575,1.8075460971686326,-1.1055572983935316,-1.2240849979034127,-1.788028057747571,0.1311480631755547,0.0470937842092772,-0.25425808687451745,0.5302584417060633,-0.7370425738343704,0.5588835439507104,1.1131399567761346,-0.7946971130413696,-0.31549859115563783,-0.6088322329056868,-1.1749539422692792,0.2779497373033868,-0.7390065666591134],"bias":-0.5786026200873552,"training_mae":4.484959383265123}